{
"12":"https://i.imgur.com/LoXzmZi.mp4",
"Song":"https://i.imgur.com/0oCi5Lf.mp4",
"cryn":"https://i.imgur.com/NMbZsID.mp4",
"efx":"https://i.imgur.com/U1zDycF.mp4",
"kozhi":"https://i.imgur.com/cgRxPug.mp4",
"ayo":"https://i.imgur.com/5jn8m1w.mp4",
"myre":"https://i.imgur.com/Oc07SUI.mp4",
"engne":"https://i.imgur.com/xanQyf1.mp4",
"me":"https://i.imgur.com/DNJDTso.mp4",
"colony":"https://i.imgur.com/oRSsyQR.mp4",
"charge":"https://i.imgur.com/oyyjiVK.mp4",
"thantha":"https://i.imgur.com/q6l9seq.mp4",
"thanda":"https://i.imgur.com/q6l9seq.mp4",
"dp":"https://i.imgur.com/5PEfmhp.mp4",
"🥹":"https://i.imgur.com/oYjwjYp.mp4",
"ajsal":"https://i.imgur.com/CGrISSU.mp4",
"asl":"https://i.imgur.com/sYK8P91.mp4",
"sigma":"https://i.imgur.com/Tauo7hh.mp4",
"100":"https://i.imgur.com/X6HopkU.mp4",
"party":"https://i.imgur.com/rPk1hE0.mp4",
"inrl":"https://i.imgur.com/DHBaxQ4.mp4",
"1":"https://i.imgur.com/MI4u2Tz.mp4",
"2":"https://i.imgur.com/PE9dmTC.mp4",
"3":"https://i.imgur.com/gsc0Y4C.mp4",
"4":"https://i.imgur.com/lrruHU0.mp4",
"5":"https://i.imgur.com/SqF5A3x.mp4",
"6":"https://i.imgur.com/S0GqLdS.mp4",
"7":"https://i.imgur.com/WsHFtey.mp4",
"8":"https://i.imgur.com/rUI1uvb.mp4",
"9":"https://i.imgur.com/9PjMCZc.mp4",
"10":"https://i.imgur.com/DLLWwn4.mp4",
"💝":"https://i.imgur.com/t0BHcR9.mp4",
"🔥":"https://i.imgur.com/mdaYt3P.mp4",
"🙂":"https://i.imgur.com/5UyGVey.mp4",
"❤️":"https://i.imgur.com/FtBibIV.mp4",
"⚡️":"https://i.imgur.com/Vynyryi.mp4",
"😿":"https://i.imgur.com/P2VIs4H.mp4",
"🥲":"https://i.imgur.com/9FOAEbL.mp4",
"🤍":"https://i.imgur.com/bSv9MLu.mp4",
"☕️":"https://i.imgur.com/HG3ulRS.mp4",
"123":"https://i.imgur.com/KRr0JZW.mp4",
"pain":"https://i.imgur.com/DqJEtaV.mp4",
"andi":"https://i.imgur.com/fPijyil.mp4",
"leif":"https://i.imgur.com/D96opZ9.mp4",
"jaada":"https://i.imgur.com/XhdFN73.mp4",
"fan":"https://i.imgur.com/AzqHkeV.mp4",
"lub":"https://i.imgur.com/BlgqazZ.mp4",
"hai":"https://i.imgur.com/hw4O59b.mp4",
"kill":"https://i.imgur.com/soBR8YY.mp4",
"mess":"https://i.imgur.com/FT0wL4n.mp4",
"war":"https://i.imgur.com/XfW0pGO.mp4",
"rollex":"https://i.imgur.com/Xo252LB.mp4",
"amma":"https://i.imgur.com/HW8TJ1L.mp4",
"motivation":"https://i.imgur.com/qnZNQDs.mp4",
"hype":"https://i.imgur.com/nlj4dq4.mp4",
"reality":"https://i.imgur.com/NzJQZld.mp4",
"aloo":"https://i.imgur.com/BZ6A9oj.mp4",
"kalash":"https://i.imgur.com/enDkQob.mp4",
"chellam":"https://i.imgur.com/m5qUyO9.mp4",
"puli":"https://i.imgur.com/uOeg9ix.mp4",
"luv":"https://i.imgur.com/J6UZniB.mp4",
"bye":"https://i.imgur.com/AEpk4EE.mp4",
"chekuthan":"https://i.imgur.com/EQnyr92.mp4",
"vava":"https://i.imgur.com/4opFrFw.mp4",
"chill":"https://i.imgur.com/JQ6eq59.mp4",
"iloveyou":"https://i.imgur.com/xItntDZ.mp4",
"count":"https://i.imgur.com/R9fT8Nx.mp4",
"kanappi":"https://i.imgur.com/icGff9P.mp4",
"not":"https://i.imgur.com/NPcUlTw.mp4",
"fuck":"https://i.imgur.com/wFOOw1w.mp4",
"pottan":"https://i.imgur.com/Uq6QV18.mp4",
"oh":"https://i.imgur.com/esvwqzB.mp4",
"ho":"https://i.imgur.com/esvwqzB.mp4",
"😶":"https://i.imgur.com/aJwN87H.mp4",
"air":"https://i.imgur.com/YUHyK8P.mp4",
"enne":"https://i.imgur.com/vpmsSq6.mp4",
"bad":"https://i.imgur.com/bPoFONm.mp4",
"hance":"https://i.imgur.com/lNZesJ0.mp4",
"bhai":"https://i.imgur.com/WgMgTBP.mp4",
"kochu":"https://i.imgur.com/pwKOZ1X.mp4",
"myr":"https://i.imgur.com/hmTWhGu.mp4",
"aaa":"https://i.imgur.com/dRoMyur.mp4",
"problem":"https://i.imgur.com/X6Liq8d.mp4",
"ente":"https://i.imgur.com/GhUvkal.mp4",
"guy":"https://i.imgur.com/Kdey2oH.mp4",
"ok":"https://i.imgur.com/5lniXiJ.mp4",
"killadi":"https://i.imgur.com/yVwoqYp.mp4",
"vanda":"https://i.imgur.com/uMk69AK.mp4",
"team":"https://i.imgur.com/UfxCRsc.mp4",
"blood":"https://i.imgur.com/QperARn.mp4",
"hi":"https://i.imgur.com/6mjEiA6.mp4",
"crush":"https://i.imgur.com/KtSz07g.mp4",
"kaliakanda":"https://i.imgur.com/q6Rftpc.mp4",
"mehabooba":"https://i.imgur.com/0ftem2x.mp4",
"rolex":"https://i.imgur.com/B7qmDy3.mp4",
"bgm":"https://i.imgur.com/iUOGcyF.mp4",
"kelip":"https://i.imgur.com/cjgLgxK.mp4",
"aliya":"https://i.imgur.com/k28dByN.mp4",
"kgf":"https://i.imgur.com/ndKTBvH.mp4",
"oodiko":"https://i.imgur.com/YIljUYC.mp4",
"badboy":"https://i.imgur.com/objfvOF.mp4",
"poda":"https://i.imgur.com/e2PKT60.mp4",
"lyfe":"https://i.imgur.com/73QMUoC.mp4",
"sed":"https://i.imgur.com/B71ASsj.mp4",
"raganork":"https://i.imgur.com/u5Pp11A.mp4",
"bot":"https://i.imgur.com/dqgoyna.mp4",
"hey":"https://i.imgur.com/2AbxJCd.mp4",
"pavam":"https://i.imgur.com/Cjd55is.mp4",
"admin":"https://i.imgur.com/DVuOkgD.mp4",
"nirthipoda":"https://i.imgur.com/c6wEqlx.mp4",
"sad":"https://i.imgur.com/5NZDe8m.mp4",
"eda":"https://i.imgur.com/iaHKsGW.mp4",
"tag":"https://i.imgur.com/NGWrUkQ.mp4",
"umma":"https://i.imgur.com/GUtD1hr.mp4",
"velachil":"https://i.imgur.com/PBuALN3.mp4",
"gold":"https://i.imgur.com/79YoX98.mp4",
"arada":"https://i.imgur.com/HzIz3ls.mp4",
"para":"https://i.imgur.com/2jzZauR.mp4",
"phub":"https://i.imgur.com/oKVVwIj.mp4",
"duet":"https://i.imgur.com/pf1BWXN.mp4",
"aa":"https://i.imgur.com/N2N6S7C.mp4",
"thanks":"https://i.imgur.com/IrEdvwL.mp4",
"kozhi":"https://i.imgur.com/4fdJUoj.mp4",
"umfi":"https://i.imgur.com/FaOtaF5.mp4",
"who":"https://i.imgur.com/wsrdnP8.mp4",
"vaa":"https://i.imgur.com/imr3bC8.mp4",
"sheri":"https://i.imgur.com/Xgzkbsk.mp4",
"pedi":"https://i.imgur.com/0WML13D.mp4",
"nannayi":"https://i.imgur.com/b491tUX.mp4",
"kundan":"https://i.imgur.com/GuAnUuf.mp4",
"kk":"https://i.imgur.com/LQBlI1y.mp4",
"hy":"https://i.imgur.com/EQn2BvM.mp4",
"violence":"https://i.imgur.com/SIj26aP.mp4",
"suii":"https://i.imgur.com/IWlTmTE.mp4",
"single":"https://i.imgur.com/c4E7E1k.mp4",
"Mass":"https://i.imgur.com/D5PREWe.mp4",
"Chunk":"https://i.imgur.com/JL6FWpS.mp4",
"Ooi":"https://i.imgur.com/kjUcXHD.mp4",
"Haha":"https://i.imgur.com/ChUKdPk.mp4",
"Jao":"https://i.imgur.com/z9oQd4N.mp4",
"Beeshma":"https://i.imgur.com/z9oQd4N.mp4",
"Kalipan":"https://i.imgur.com/vkdcGHu.mp4",
"Ettayi":"https://i.imgur.com/vkdcGHu.mp4",
"Mothalali":"https://i.imgur.com/K2QlmTc.mp4",
"Kaliyakunne":"https://i.imgur.com/AeGNKo3.mp4",
"Nenben":"https://i.imgur.com/Qe5khtL.mp4",
"Cr7":"https://i.imgur.com/lCZl3Af.mp4",
"Ethokke":"https://i.imgur.com/AsEfT76.mp4",
"Sheri enna":"https://i.imgur.com/KraBTPf.mp4",
"Gangster":"https://i.imgur.com/fbvDI1g.mp4",
"Idiot":"https://i.imgur.com/uazVUOH.mp4",
"Ff":"https://i.imgur.com/YN04ot5.mp4",
"ff":"https://i.imgur.com/YN04ot5.mp4",
"Free fire":"https://i.imgur.com/YN04ot5.mp4",
"Hlo":"https://i.imgur.com/tZFBfRR.mp4",
"Helo":"https://i.imgur.com/P9ntmn3.mp4",
"Big fan":"https://i.imgur.com/5My5AdW.mp4",
"Myre":"https://i.imgur.com/kGBtBXV.mp4",
"Endi":"https://i.imgur.com/2nzjJPc.mp4",
"Perfect ok":"https://i.imgur.com/z2JJQFh.mp4",
"Arum ille":"https://i.imgur.com/67wdgg4.mp4",
"Njan vanne":"https://i.imgur.com/BYx4Q0t.mp4",
"Kooi":"https://i.imgur.com/NIrmfFy.mp4",
"Ne oru killadi thanne":"https://i.imgur.com/AlUiq7V.mp4",
"Killadi":"https://i.imgur.com/AlUiq7V.mp4",
"Ara":"https://i.imgur.com/2pBlu1Z.mp4",
"Hacker":"https://i.imgur.com/wF8xr4k.mp4",
"Hecker":"https://i.imgur.com/wF8xr4k.mp4",
"Ayo ayo":"https://i.imgur.com/wF8xr4k.mp4",
"mwonu":"https://i.imgur.com/fkmoBaC.mp4"
}
